{"totalScoreMeansMean": 7780.050410958904, "totalScoreStdDevsMean": 11378.672593510888, "totalCommentsMeansMean": 1035.653394216134, "totalCommentsStdDevsMean": 1429.4794496433492, "totalUpvoteRatioMeansMean": 0.8933509893455099, "totalUpvoteRatioStdDevsMean": 0.045357251229475655, "totalSentimentMeansMean": 0.020357490434711387, "totalSentimentStdDevsMean": 0.19509154062518258, "totalScoreMeansStdDev": 3631.108573305825, "totalScoreStdDevsStdDev": 6378.105636882983, "totalCommentsMeansStdDev": 450.93765176507395, "totalCommentsStdDevsStdDev": 906.1037738064656, "totalUpvoteRatioMeansStdDev": 0.01579716330420329, "totalUpvoteRatioStdDevsStdDev": 0.01944068721985777, "totalSentimentMeansStdDev": 0.05139653474795994, "totalSentimentStdDevsStdDev": 0.06632612019437942}