{"totalScoreMeansMean": 9607.657551669317, "totalScoreStdDevsMean": 14583.309822616066, "totalCommentsMeansMean": 1169.309591944886, "totalCommentsStdDevsMean": 1688.3366303817481, "totalUpvoteRatioMeansMean": 0.8886306306306306, "totalUpvoteRatioStdDevsMean": 0.05340306650218869, "totalSentimentMeansMean": 0.0198939700068785, "totalSentimentStdDevsMean": 0.1972389514973012, "totalScoreMeansStdDev": 3567.7890415253423, "totalScoreStdDevsStdDev": 6132.573730788202, "totalCommentsMeansStdDev": 489.5055740460408, "totalCommentsStdDevsStdDev": 989.2539814681863, "totalUpvoteRatioMeansStdDev": 0.01689076855544482, "totalUpvoteRatioStdDevsStdDev": 0.019746685635334445, "totalSentimentMeansStdDev": 0.052379752989884995, "totalSentimentStdDevsStdDev": 0.06657222778491448}