{"totalScoreMeansMean": 5819.407452054795, "totalScoreStdDevsMean": 5397.190247014542, "totalCommentsMeansMean": 1231.9115616438357, "totalCommentsStdDevsMean": 1387.842905411364, "totalUpvoteRatioMeansMean": 0.8984432876712328, "totalUpvoteRatioStdDevsMean": 0.04329260210646372, "totalSentimentMeansMean": 0.020449423575150418, "totalSentimentStdDevsMean": 0.18971670336391636, "totalScoreMeansStdDev": 5883.5909247175, "totalScoreStdDevsStdDev": 8119.636652763179, "totalCommentsMeansStdDev": 633.7703508731379, "totalCommentsStdDevsStdDev": 1015.7629721966225, "totalUpvoteRatioMeansStdDev": 0.020661754601688107, "totalUpvoteRatioStdDevsStdDev": 0.02143278464277383, "totalSentimentMeansStdDev": 0.06609571876173874, "totalSentimentStdDevsStdDev": 0.08025001445297016}