{"totalScoreMeansMean": 10562.936588818118, "totalScoreStdDevsMean": 16168.303107035423, "totalCommentsMeansMean": 1222.6048124557678, "totalCommentsStdDevsMean": 1767.8635858095492, "totalUpvoteRatioMeansMean": 0.887511677282378, "totalUpvoteRatioStdDevsMean": 0.05751930898738396, "totalSentimentMeansMean": 0.01904868642287339, "totalSentimentStdDevsMean": 0.1971234155657876, "totalScoreMeansStdDev": 3521.6410502582576, "totalScoreStdDevsStdDev": 6093.994516116272, "totalCommentsMeansStdDev": 479.1731289460812, "totalCommentsStdDevsStdDev": 940.8715534235724, "totalUpvoteRatioMeansStdDev": 0.017767883289512038, "totalUpvoteRatioStdDevsStdDev": 0.0191217881660724, "totalSentimentMeansStdDev": 0.05279955324114595, "totalSentimentStdDevsStdDev": 0.06669390959751711}