{"scoreMeansHistogram": [5, 35, 48, 74, 61, 64, 54, 46, 26, 26, 13, 11, 2, 3, 1, 2], "scoreStdDevsHistogram": [19, 40, 42, 70, 62, 52, 53, 37, 27, 25, 14, 11, 11, 1, 1, 1, 2, 0, 2, 0, 0, 0, 1], "commentsMeansHistogram": [6, 21, 37, 48, 71, 60, 62, 42, 41, 16, 23, 10, 5, 8, 5, 5, 4, 1, 0, 2, 0, 2, 1, 1], "commentsStdDevsHistogram": [5, 37, 66, 65, 75, 52, 50, 28, 26, 14, 10, 12, 9, 4, 5, 3, 3, 0, 4, 0, 1, 0, 0, 1, 0, 0, 1], "upvoteRatioMeansHistogram": [5, 3, 6, 8, 14, 20, 29, 38, 52, 64, 60, 67, 40, 42, 12, 7, 4], "upvoteRatioStdDevsHistogram": [11, 45, 52, 58, 65, 59, 60, 47, 28, 23, 14, 6, 2, 1], "sentimentMeansHistogram": [2, 2, 4, 8, 11, 12, 21, 37, 47, 57, 67, 57, 45, 46, 22, 13, 11, 5, 4], "sentimentStdDevsHistogram": [5, 7, 14, 25, 36, 44, 65, 60, 56, 52, 26, 31, 25, 10, 5, 5, 4, 1], "scoreMeansBinEdges": [3583.0, 4852.470833333333, 6121.941666666667, 7391.4125, 8660.883333333333, 9930.354166666666, 11199.825, 12469.295833333334, 13738.766666666666, 15008.2375, 16277.708333333332, 17547.17916666667, 18816.65, 20086.120833333334, 21355.591666666667, 22625.0625, 23894.533333333333], "scoreStdDevsBinEdges": [5853.52188084437, 7710.732778938185, 9567.943677031999, 11425.154575125815, 13282.36547321963, 15139.576371313446, 16996.787269407258, 18853.998167501075, 20711.209065594892, 22568.419963688706, 24425.63086178252, 26282.841759876334, 28140.052657970147, 29997.26355606397, 31854.474454157782, 33711.685352251596, 35568.89625034541, 37426.10714843922, 39283.31804653304, 41140.52894462686, 42997.73984272067, 44854.950740814485, 46712.1616389083, 48569.37253700211], "commentsMeansBinEdges": [373.4, 504.7444444444444, 636.0888888888888, 767.4333333333333, 898.7777777777777, 1030.1222222222223, 1161.4666666666667, 1292.8111111111111, 1424.1555555555556, 1555.5, 1686.8444444444444, 1818.1888888888889, 1949.5333333333333, 2080.8777777777777, 2212.222222222222, 2343.5666666666666, 2474.911111111111, 2606.2555555555555, 2737.6, 2868.9444444444443, 3000.288888888889, 3131.633333333333, 3262.9777777777776, 3394.322222222222, 3525.6666666666665], "commentsStdDevsBinEdges": [294.3883893932025, 552.5583980883252, 810.7284067834481, 1068.898415478571, 1327.0684241736938, 1585.2384328688165, 1843.4084415639395, 2101.5784502590623, 2359.748458954185, 2617.918467649308, 2876.0884763444305, 3134.2584850395533, 3392.4284937346765, 3650.5985024297993, 3908.768511124922, 4166.938519820045, 4425.108528515168, 4683.278537210291, 4941.448545905413, 5199.618554600536, 5457.788563295659, 5715.958571990782, 5974.128580685904, 6232.298589381027, 6490.468598076151, 6748.638606771273, 7006.808615466396, 7264.978624161519], "upvoteRatioMeansBinEdges": [0.832, 0.8377254901960783, 0.8434509803921568, 0.8491764705882352, 0.8549019607843137, 0.8606274509803921, 0.8663529411764705, 0.8720784313725489, 0.8778039215686274, 0.8835294117647058, 0.8892549019607843, 0.8949803921568626, 0.9007058823529411, 0.9064313725490195, 0.912156862745098, 0.9178823529411764, 0.9236078431372547, 0.9293333333333332], "upvoteRatioStdDevsBinEdges": [0.01980860803744049, 0.02699992936342744, 0.03419125068941439, 0.04138257201540134, 0.04857389334138829, 0.055765214667375246, 0.06295653599336219, 0.07014785731934914, 0.0773391786453361, 0.08453049997132304, 0.09172182129730999, 0.09891314262329694, 0.1061044639492839, 0.11329578527527084, 0.12048710660125779], "sentimentMeansBinEdges": [-0.15262345679012349, -0.13620938710412397, -0.11979531741812446, -0.10338124773212494, -0.08696717804612543, -0.07055310836012592, -0.054139038674126394, -0.037724968988126883, -0.021310899302127373, -0.004896829616127862, 0.011517240069871648, 0.02793130975587116, 0.0443453794418707, 0.06075944912787021, 0.07717351881386972, 0.09358758849986923, 0.11000165818586874, 0.12641572787186825, 0.14282979755786776, 0.15924386724386724], "sentimentStdDevsBinEdges": [0.03240778533415312, 0.05345024876364339, 0.07449271219313366, 0.09553517562262392, 0.11657763905211421, 0.13762010248160447, 0.15866256591109473, 0.17970502934058502, 0.20074749277007528, 0.22178995619956554, 0.24283241962905583, 0.2638748830585461, 0.28491734648803635, 0.30595980991752664, 0.3270022733470169, 0.34804473677650716, 0.36908720020599745, 0.39012966363548773, 0.41117212706497797]}