{"scoreMeansHistogram": [40, 99, 170, 160, 118, 101, 78, 57, 63, 46, 39, 34, 25, 25, 10, 9, 11, 3, 1, 2, 1, 1, 2], "scoreStdDevsHistogram": [23, 114, 155, 142, 131, 100, 86, 66, 64, 50, 43, 26, 25, 24, 12, 14, 8, 4, 0, 1, 1, 2, 0, 3, 0, 0, 0, 0, 1], "commentsMeansHistogram": [8, 31, 83, 113, 122, 121, 127, 93, 74, 77, 52, 42, 34, 21, 19, 21, 9, 7, 3, 6, 6, 6, 3, 3, 3, 2, 0, 2, 2, 0, 1, 1, 1, 0, 1, 0, 0, 0, 0, 0, 1], "commentsStdDevsHistogram": [13, 54, 121, 155, 120, 124, 87, 99, 60, 52, 39, 35, 16, 25, 20, 11, 7, 15, 5, 5, 5, 7, 1, 1, 3, 3, 0, 1, 4, 0, 1, 0, 0, 0, 0, 1, 0, 0, 1, 0, 1, 1, 0, 0, 1, 1], "upvoteRatioMeansHistogram": [3, 5, 1, 5, 7, 5, 11, 11, 15, 20, 26, 43, 42, 69, 93, 84, 132, 107, 94, 117, 65, 75, 41, 12, 8, 4], "upvoteRatioStdDevsHistogram": [8, 47, 99, 122, 143, 112, 101, 91, 68, 68, 53, 52, 34, 30, 23, 17, 10, 9, 4, 2, 1, 1], "sentimentMeansHistogram": [1, 3, 3, 4, 9, 15, 25, 22, 23, 44, 67, 80, 103, 117, 102, 110, 93, 61, 71, 44, 33, 27, 14, 7, 6, 8, 3], "sentimentStdDevsHistogram": [4, 14, 13, 30, 55, 82, 82, 113, 109, 115, 104, 91, 67, 47, 49, 45, 32, 12, 10, 11, 5, 0, 5], "scoreMeansBinEdges": [2462.0666666666666, 3393.913043478261, 4325.759420289855, 5257.605797101449, 6189.452173913043, 7121.298550724638, 8053.144927536232, 8984.991304347826, 9916.83768115942, 10848.684057971015, 11780.53043478261, 12712.376811594204, 13644.223188405798, 14576.069565217393, 15507.915942028987, 16439.76231884058, 17371.608695652176, 18303.45507246377, 19235.30144927536, 20167.147826086955, 21098.99420289855, 22030.840579710144, 22962.68695652174, 23894.533333333333], "scoreStdDevsBinEdges": [1928.1906692915138, 3536.5072854194655, 5144.823901547417, 6753.140517675369, 8361.45713380332, 9969.773749931272, 11578.090366059225, 13186.406982187176, 14794.723598315128, 16403.040214443077, 18011.35683057103, 19619.673446698984, 21227.990062826935, 22836.306678954887, 24444.623295082838, 26052.93991121079, 27661.25652733874, 29269.573143466692, 30877.889759594644, 32486.206375722595, 34094.52299185054, 35702.8396079785, 37311.15622410645, 38919.472840234404, 40527.789456362356, 42136.10607249031, 43744.42268861826, 45352.73930474621, 46961.05592087416, 48569.37253700211], "commentsMeansBinEdges": [324.8666666666667, 418.24552845528456, 511.62439024390244, 605.0032520325203, 698.3821138211381, 791.7609756097561, 885.1398373983739, 978.5186991869917, 1071.8975609756096, 1165.2764227642274, 1258.6552845528454, 1352.0341463414634, 1445.413008130081, 1538.791869918699, 1632.170731707317, 1725.549593495935, 1818.9284552845525, 1912.3073170731705, 2005.6861788617884, 2099.065040650406, 2192.443902439024, 2285.822764227642, 2379.20162601626, 2472.580487804878, 2565.9593495934955, 2659.3382113821135, 2752.7170731707315, 2846.095934959349, 2939.474796747967, 3032.853658536585, 3126.232520325203, 3219.6113821138206, 3312.9902439024386, 3406.3691056910566, 3499.747967479674, 3593.126829268292, 3686.50569105691, 3779.884552845528, 3873.2634146341456, 3966.6422764227636, 4060.0211382113816, 4153.4], "commentsStdDevsBinEdges": [228.61004435709376, 398.8429541450164, 569.075863932939, 739.3087737208616, 909.5416835087842, 1079.7745932967068, 1250.0075030846294, 1420.240412872552, 1590.4733226604747, 1760.7062324483973, 1930.9391422363199, 2101.1720520242425, 2271.404961812165, 2441.6378716000877, 2611.87078138801, 2782.1036911759325, 2952.3366009638553, 3122.569510751778, 3292.8024205397005, 3463.035330327623, 3633.2682401155457, 3803.5011499034686, 3973.734059691391, 4143.966969479314, 4314.199879267237, 4484.432789055159, 4654.665698843082, 4824.898608631004, 4995.131518418927, 5165.36442820685, 5335.597337994772, 5505.830247782695, 5676.0631575706175, 5846.29606735854, 6016.528977146463, 6186.761886934385, 6356.994796722308, 6527.227706510231, 6697.460616298153, 6867.6935260860755, 7037.926435873998, 7208.159345661921, 7378.392255449844, 7548.625165237766, 7718.858075025689, 7889.090984813612, 8059.323894601534], "upvoteRatioMeansBinEdges": [0.832, 0.8357435897435898, 0.8394871794871794, 0.8432307692307692, 0.8469743589743589, 0.8507179487179487, 0.8544615384615384, 0.8582051282051282, 0.8619487179487179, 0.8656923076923076, 0.8694358974358973, 0.8731794871794871, 0.8769230769230769, 0.8806666666666666, 0.8844102564102564, 0.8881538461538461, 0.8918974358974359, 0.8956410256410255, 0.8993846153846153, 0.903128205128205, 0.9068717948717948, 0.9106153846153845, 0.9143589743589743, 0.918102564102564, 0.9218461538461538, 0.9255897435897436, 0.9293333333333332], "upvoteRatioStdDevsBinEdges": [0.010600988273786202, 0.01559581183412582, 0.020590635394465436, 0.025585458954805053, 0.03058028251514467, 0.03557510607548429, 0.040569929635823905, 0.04556475319616352, 0.05055957675650314, 0.05555440031684276, 0.060549223877182375, 0.065544047437522, 0.07053887099786162, 0.07553369455820123, 0.08052851811854085, 0.08552334167888047, 0.09051816523922009, 0.0955129887995597, 0.10050781235989932, 0.10550263592023894, 0.11049745948057856, 0.11549228304091817, 0.12048710660125779], "sentimentMeansBinEdges": [-0.15262345679012349, -0.14056127114769093, -0.12849908550525838, -0.11643689986282582, -0.10437471422039327, -0.09231252857796071, -0.08025034293552814, -0.06818815729309559, -0.056125971650663034, -0.04406378600823048, -0.032001600365797925, -0.019939414723365356, -0.007877229080932802, 0.004184956561499753, 0.016247142203932308, 0.028309327846364862, 0.04037151348879742, 0.05243369913122997, 0.06449588477366253, 0.07655807041609508, 0.08862025605852764, 0.10068244170096022, 0.11274462734339277, 0.12480681298582533, 0.13686899862825788, 0.14893118427069044, 0.160993369913123, 0.17305555555555555], "sentimentStdDevsBinEdges": [0.03240778533415312, 0.04916380672536544, 0.06591982811657775, 0.08267584950779006, 0.09943187089900238, 0.11618789229021467, 0.132943913681427, 0.14969993507263932, 0.1664559564638516, 0.18321197785506393, 0.19996799924627623, 0.21672402063748855, 0.23348004202870087, 0.25023606341991317, 0.2669920848111255, 0.2837481062023378, 0.3005041275935501, 0.3172601489847624, 0.33401617037597475, 0.35077219176718705, 0.36752821315839934, 0.3842842345496117, 0.401040255940824, 0.4177962773320363]}