{"scoreMeansHistogram": [17, 80, 195, 225, 197, 199, 165, 156, 93, 46, 20, 8, 1, 1, 3, 1, 6, 11, 7, 10, 4, 5, 12, 20, 12, 10, 13, 11, 16, 8, 18, 15, 17, 12, 9, 17, 16, 13, 13, 12, 11, 17, 7, 8, 5, 10, 8, 4, 7, 9, 4, 5, 3, 5, 4, 1, 2, 4, 2, 4, 1, 1, 1, 1, 0, 0, 0, 2, 1, 0, 1, 0, 1, 0, 0, 0, 0, 1, 0, 1], "scoreStdDevsHistogram": [50, 195, 297, 231, 193, 179, 106, 86, 35, 15, 10, 0, 1, 1, 0, 1, 0, 0, 0, 0, 0, 0, 0, 1, 0, 1, 2, 0, 1, 1, 3, 6, 3, 0, 2, 2, 9, 3, 1, 5, 7, 2, 3, 6, 5, 7, 4, 7, 3, 2, 5, 10, 10, 7, 8, 7, 7, 10, 3, 10, 5, 1, 6, 8, 12, 8, 7, 6, 9, 6, 5, 5, 6, 3, 6, 10, 4, 8, 4, 6, 4, 2, 3, 7, 3, 2, 7, 6, 5, 2, 5, 2, 1, 1, 3, 3, 8, 0, 5, 3, 4, 3, 3, 1, 5, 0, 1, 1, 4, 6, 2, 0, 3, 3, 2, 1, 1, 4, 0, 0, 2, 0, 1, 1, 3, 2, 0, 1, 0, 0, 1, 0, 0, 1, 1, 0, 1, 0, 0, 0, 0, 0, 0, 0, 0, 0, 1, 0, 0, 0, 0, 0, 0, 0, 0, 0, 0, 1, 1, 0, 1, 0, 0, 0, 0, 0, 0, 0, 0, 1, 0, 0, 1, 0, 0, 0, 0, 0, 0, 0, 0, 0, 0, 0, 0, 0, 0, 0, 0, 0, 0, 0, 0, 0, 0, 0, 0, 0, 0, 0, 0, 0, 0, 0, 0, 0, 0, 0, 0, 0, 0, 0, 0, 0, 1], "commentsMeansHistogram": [6, 41, 90, 135, 172, 208, 177, 167, 137, 122, 99, 73, 71, 65, 56, 28, 31, 31, 21, 14, 12, 17, 6, 5, 2, 4, 6, 3, 3, 6, 3, 2, 1, 0, 1, 2, 2, 0, 1, 0, 2, 1, 0, 1, 0, 0, 0, 0, 0, 0, 0, 1], "commentsStdDevsHistogram": [34, 97, 203, 215, 213, 159, 154, 132, 98, 82, 85, 63, 39, 44, 27, 29, 16, 17, 24, 14, 6, 6, 8, 10, 5, 7, 4, 4, 5, 3, 1, 3, 3, 2, 1, 1, 2, 1, 1, 0, 0, 1, 0, 0, 0, 0, 0, 1, 0, 1, 0, 0, 0, 0, 1, 1, 0, 0, 0, 1, 0, 0, 1], "upvoteRatioMeansHistogram": [1, 2, 3, 2, 1, 3, 2, 1, 4, 8, 8, 11, 14, 17, 17, 21, 28, 45, 48, 65, 73, 93, 127, 124, 171, 174, 161, 143, 149, 97, 80, 67, 28, 13, 16, 8], "upvoteRatioStdDevsHistogram": [10, 78, 118, 179, 214, 203, 165, 148, 123, 85, 79, 68, 70, 57, 31, 48, 33, 32, 24, 15, 9, 15, 9, 4, 1, 2, 4, 0, 1], "sentimentMeansHistogram": [1, 0, 2, 1, 1, 4, 0, 2, 5, 5, 13, 20, 30, 36, 48, 64, 73, 98, 134, 149, 161, 173, 149, 124, 129, 97, 82, 65, 48, 31, 34, 16, 11, 11, 4, 2, 2], "sentimentStdDevsHistogram": [7, 11, 32, 64, 89, 113, 128, 141, 144, 178, 162, 150, 130, 114, 70, 69, 45, 39, 32, 37, 19, 16, 11, 11, 6, 2, 1, 2, 2], "scoreMeansBinEdges": [759.0, 1178.6087499999999, 1598.2175, 2017.82625, 2437.435, 2857.04375, 3276.6525, 3696.26125, 4115.87, 4535.47875, 4955.0875, 5374.69625, 5794.305, 6213.91375, 6633.5225, 7053.131249999999, 7472.74, 7892.34875, 8311.9575, 8731.56625, 9151.175, 9570.78375, 9990.3925, 10410.00125, 10829.61, 11249.21875, 11668.8275, 12088.436249999999, 12508.045, 12927.65375, 13347.262499999999, 13766.87125, 14186.48, 14606.088749999999, 15025.6975, 15445.30625, 15864.914999999999, 16284.52375, 16704.1325, 17123.74125, 17543.35, 17962.958749999998, 18382.5675, 18802.17625, 19221.785, 19641.39375, 20061.0025, 20480.611249999998, 20900.22, 21319.82875, 21739.4375, 22159.04625, 22578.655, 22998.26375, 23417.872499999998, 23837.48125, 24257.09, 24676.69875, 25096.3075, 25515.91625, 25935.524999999998, 26355.13375, 26774.7425, 27194.35125, 27613.96, 28033.56875, 28453.177499999998, 28872.786249999997, 29292.395, 29712.00375, 30131.6125, 30551.22125, 30970.829999999998, 31390.438749999998, 31810.0475, 32229.65625, 32649.265, 33068.87375, 33488.4825, 33908.09125, 34327.7], "scoreStdDevsBinEdges": [301.07254570581125, 557.9510423688907, 814.8295390319702, 1071.7080356950496, 1328.586532358129, 1585.4650290212085, 1842.343525684288, 2099.2220223473673, 2356.1005190104465, 2612.9790156735257, 2869.8575123366054, 3126.736008999685, 3383.6145056627643, 3640.4930023258435, 3897.371498988923, 4154.249995652003, 4411.128492315082, 4668.006988978162, 4924.885485641241, 5181.763982304321, 5438.6424789674, 5695.520975630479, 5952.3994722935595, 6209.277968956639, 6466.156465619718, 6723.034962282797, 6979.913458945876, 7236.791955608956, 7493.670452272036, 7750.548948935115, 8007.427445598195, 8264.305942261273, 8521.184438924352, 8778.062935587432, 9034.94143225051, 9291.81992891359, 9548.69842557667, 9805.57692223975, 10062.45541890283, 10319.333915565909, 10576.212412228988, 10833.090908892067, 11089.969405555146, 11346.847902218225, 11603.726398881307, 11860.604895544386, 12117.483392207465, 12374.361888870544, 12631.240385533623, 12888.118882196703, 13144.997378859782, 13401.875875522861, 13658.75437218594, 13915.632868849021, 14172.5113655121, 14429.38986217518, 14686.268358838259, 14943.146855501338, 15200.025352164417, 15456.903848827496, 15713.782345490577, 15970.660842153657, 16227.539338816736, 16484.417835479817, 16741.296332142894, 16998.174828805975, 17255.053325469053, 17511.931822132134, 17768.81031879521, 18025.688815458292, 18282.56731212137, 18539.44580878445, 18796.324305447528, 19053.20280211061, 19310.08129877369, 19566.959795436767, 19823.83829209985, 20080.716788762926, 20337.595285426007, 20594.473782089084, 20851.352278752165, 21108.230775415246, 21365.109272078324, 21621.987768741405, 21878.866265404482, 22135.744762067563, 22392.62325873064, 22649.50175539372, 22906.380252056802, 23163.25874871988, 23420.13724538296, 23677.01574204604, 23933.89423870912, 24190.772735372197, 24447.651232035278, 24704.529728698355, 24961.408225361436, 25218.286722024517, 25475.165218687594, 25732.043715350675, 25988.922212013753, 26245.800708676834, 26502.67920533991, 26759.557702002992, 27016.43619866607, 27273.31469532915, 27530.19319199223, 27787.07168865531, 28043.95018531839, 28300.828681981468, 28557.70717864455, 28814.585675307626, 29071.464171970707, 29328.342668633788, 29585.221165296865, 29842.099661959946, 30098.978158623024, 30355.856655286105, 30612.735151949182, 30869.613648612263, 31126.492145275344, 31383.37064193842, 31640.249138601503, 31897.12763526458, 32154.00613192766, 32410.88462859074, 32667.76312525382, 32924.6416219169, 33181.52011857998, 33438.39861524306, 33695.27711190614, 33952.15560856922, 34209.0341052323, 34465.912601895376, 34722.79109855846, 34979.66959522154, 35236.548091884615, 35493.4265885477, 35750.30508521078, 36007.183581873855, 36264.06207853693, 36520.94057520002, 36777.819071863094, 37034.69756852617, 37291.57606518925, 37548.45456185233, 37805.33305851541, 38062.21155517849, 38319.09005184157, 38575.96854850465, 38832.84704516773, 39089.725541830805, 39346.60403849389, 39603.48253515697, 39860.361031820044, 40117.23952848313, 40374.11802514621, 40630.996521809284, 40887.87501847236, 41144.753515135446, 41401.63201179852, 41658.5105084616, 41915.389005124685, 42172.26750178776, 42429.14599845084, 42686.02449511392, 42942.902991777, 43199.78148844008, 43456.65998510316, 43713.53848176624, 43970.41697842932, 44227.2954750924, 44484.173971755474, 44741.05246841856, 44997.930965081636, 45254.80946174471, 45511.6879584078, 45768.566455070875, 46025.44495173395, 46282.32344839703, 46539.201945060115, 46796.08044172319, 47052.95893838627, 47309.83743504935, 47566.71593171243, 47823.59442837551, 48080.472925038586, 48337.35142170167, 48594.22991836475, 48851.108415027826, 49107.9869116909, 49364.86540835399, 49621.743905017065, 49878.62240168014, 50135.50089834323, 50392.379395006305, 50649.25789166938, 50906.13638833246, 51163.014884995544, 51419.89338165862, 51676.7718783217, 51933.65037498478, 52190.52887164786, 52447.40736831094, 52704.285864974016, 52961.1643616371, 53218.04285830018, 53474.921354963255, 53731.79985162633, 53988.67834828942, 54245.556844952494, 54502.43534161557, 54759.31383827866, 55016.192334941734, 55273.07083160481, 55529.94932826789],