{"scoreMeansHistogram": [4, 19, 73, 86, 96, 61, 70, 59, 45, 32, 26, 23, 11, 14, 3, 2, 2, 1, 2], "scoreStdDevsHistogram": [5, 32, 65, 84, 89, 77, 67, 48, 47, 29, 27, 21, 14, 10, 6, 1, 1, 1, 2, 1, 1, 0, 0, 0, 1], "commentsMeansHistogram": [6, 14, 60, 62, 95, 78, 72, 57, 49, 40, 20, 26, 9, 6, 7, 6, 6, 2, 3, 2, 1, 3, 0, 2, 1, 1, 0, 0, 0, 0, 1], "commentsStdDevsHistogram": [7, 39, 81, 87, 77, 88, 57, 47, 32, 30, 20, 12, 8, 11, 7, 6, 3, 2, 5, 0, 4, 0, 1, 0, 0, 0, 1, 0, 1, 0, 1, 0, 1, 1], "upvoteRatioMeansHistogram": [4, 4, 6, 8, 5, 17, 18, 29, 31, 48, 73, 75, 70, 89, 53, 41, 41, 9, 4, 4], "upvoteRatioStdDevsHistogram": [9, 31, 77, 64, 79, 74, 76, 62, 54, 36, 31, 15, 14, 4, 2, 1], "sentimentMeansHistogram": [2, 3, 4, 7, 11, 16, 16, 44, 55, 69, 78, 68, 77, 53, 51, 34, 17, 11, 5, 6, 2], "sentimentStdDevsHistogram": [6, 9, 12, 29, 54, 60, 74, 70, 81, 68, 45, 35, 42, 21, 7, 6, 4, 4, 2], "scoreMeansBinEdges": [2752.733333333333, 3865.4596491228067, 4978.18596491228, 6090.912280701754, 7203.638596491228, 8316.364912280702, 9429.091228070174, 10541.817543859648, 11654.543859649122, 12767.270175438596, 13879.99649122807, 14992.722807017542, 16105.449122807016, 17218.17543859649, 18330.901754385963, 19443.628070175437, 20556.35438596491, 21669.080701754385, 22781.80701754386, 23894.533333333333], "scoreStdDevsBinEdges": [3473.289557808412, 5277.13287697616, 7080.976196143908, 8884.819515311656, 10688.662834479404, 12492.506153647151, 14296.3494728149, 16100.192791982647, 17904.036111150395, 19707.879430318146, 21511.722749485893, 23315.56606865364, 25119.40938782139, 26923.252706989137, 28727.096026156883, 30530.939345324634, 32334.78266449238, 34138.625983660124, 35942.46930282788, 37746.312621995625, 39550.15594116337, 41353.99926033112, 43157.842579498865, 44961.68589866662, 46765.529217834366, 48569.37253700211], "commentsMeansBinEdges": [331.26666666666665, 454.56129032258065, 577.8559139784946, 701.1505376344086, 824.4451612903226, 947.7397849462366, 1071.0344086021505, 1194.3290322580647, 1317.6236559139784, 1440.9182795698925, 1564.2129032258065, 1687.5075268817204, 1810.8021505376344, 1934.0967741935483, 2057.3913978494625, 2180.6860215053766, 2303.9806451612903, 2427.275268817204, 2550.5698924731187, 2673.8645161290324, 2797.159139784946, 2920.45376344086, 3043.7483870967744, 3167.043010752688, 3290.337634408602, 3413.6322580645165, 3536.92688172043, 3660.221505376344, 3783.5161290322585, 3906.810752688172, 4030.105376344086, 4153.4], "commentsStdDevsBinEdges": [260.00864454493666, 489.4002695466013, 718.7918945482659, 948.1835195499307, 1177.5751445515953, 1406.9667695532598, 1636.3583945549246, 1865.7500195565892, 2095.1416445582536, 2324.533269559918, 2553.9248945615827, 2783.3165195632473, 3012.7081445649123, 3242.099769566577, 3471.4913945682415, 3700.883019569906, 3930.2746445715707, 4159.666269573236, 4389.0578945749, 4618.449519576565, 4847.841144578229, 5077.232769579894, 5306.624394581559, 5536.016019583223, 5765.407644584889, 5994.799269586553, 6224.190894588218, 6453.582519589882, 6682.974144591547, 6912.365769593212, 7141.757394594876, 7371.149019596541, 7600.540644598205, 7829.93226959987, 8059.323894601534], "upvoteRatioMeansBinEdges": [0.832, 0.8368666666666666, 0.8417333333333333, 0.8465999999999999, 0.8514666666666666, 0.8563333333333333, 0.8612, 0.8660666666666667, 0.8709333333333332, 0.8757999999999999, 0.8806666666666666, 0.8855333333333333, 0.8904, 0.8952666666666665, 0.9001333333333332, 0.9049999999999999, 0.9098666666666666, 0.9147333333333332, 0.9195999999999999, 0.9244666666666665, 0.9293333333333332], "upvoteRatioStdDevsBinEdges": [0.013451854182690997, 0.02014155745885142, 0.026831260735011846, 0.03352096401117227, 0.04021066728733269, 0.046900370563493124, 0.05359007383965354, 0.06027977711581396, 0.0669694803919744, 0.07365918366813481, 0.08034888694429525, 0.08703859022045567, 0.09372829349661609, 0.10041799677277652, 0.10710770004893694, 0.11379740332509737, 0.12048710660125779], "sentimentMeansBinEdges": [-0.15262345679012349, -0.1371149323927102, -0.12160640799529691, -0.10609788359788362, -0.09058935920047034, -0.07508083480305705, -0.05957231040564376, -0.04406378600823048, -0.028555261610817187, -0.013046737213403908, 0.002461787184009384, 0.017970311581422677, 0.03347883597883597, 0.04898736037624926, 0.06449588477366253, 0.08000440917107582, 0.09551293356848911, 0.11102145796590238, 0.12652998236331567, 0.14203850676072896, 0.15754703115814225, 0.17305555555555555], "sentimentStdDevsBinEdges": [0.03240778533415312, 0.05269139017614698, 0.07297499501814082, 0.09325859986013468, 0.11354220470212853, 0.13382580954412238, 0.15410941438611622, 0.17439301922811007, 0.19467662407010392, 0.21496022891209776, 0.2352438337540916, 0.25552743859608545, 0.27581104343807933, 0.29609464828007315, 0.316378253122067, 0.33666185796406084, 0.3569454628060547, 0.3772290676480486, 0.3975126724900424, 0.4177962773320363]}